url	first_seen	portal	title	company	status
https://ec.linkedin.com/jobs/view/drupal-developer-remote-latin-america-at-fullstack-labs-3917107596	2026-04-06	LinkedIn - Drupal full-time	Drupal Developer - Remote - Latin America	FullStack Labs	skipped_closed
https://jobs.drupal.org/devcollaborative-llc/job/17651	2026-04-16	Drupal Jobs Board	Full-stack Drupal Developer for Nonprofit Websites	DevCollaborative LLC	skipped_geo
https://jobs.lever.co/ciandt/1b77786b-5c19-4d39-b921-74ab53aa01fd/apply	2026-04-06	Lever - CI&T	[Job-28027] Full-stack Developer - Drupal, Python, React	CI&T	skipped_geo
https://jobs.lever.co/imagexmedia/5a1d35c0-0ab8-4383-843c-fdf9dade466b	2026-04-06	Tracked company - ImageX	Senior Drupal Developer	ImageX	added
https://py.linkedin.com/jobs/view/senior-drupal-php-engineer-remote-latam-at-foxbox-digital-4261063431	2026-04-06	LinkedIn - Drupal full-time	Senior Drupal PHP Engineer - Remote - LATAM	Foxbox Digital	added
https://qualitycontracts.co.uk/contract-jobs/remote-drupal-developer-in-remote-1775703853	2026-04-16	Quality Contracts	Drupal Developer Contract Job	Massachusetts Executive Office of Education	skipped_geo
https://remotive.com/remote/jobs/software-development/senior-drupal-developer-4356529	2026-04-16	Remotive - Drupal	Senior Drupal Developer	AGR LLC	skipped_geo
https://weknowinc.com/careers/work-at-weknow/	2026-04-06	Tracked company - weKnow	Senior Drupal Developer	weKnow Inc.	added
https://www.fldrupal.camp/job/kadabra/senior-semi-senior-full-stack-drupal-developer-remote-latam-us-projects	2026-04-06	Drupal community board	Senior / Semi-Senior Full Stack Drupal Developer	Kadabra IT	added
https://www.linkedin.com/jobs/view/contract-senior-drupal-developer-at-829-studios-4334180871	2026-04-06	LinkedIn - Drupal contract	Contract Senior Drupal Developer	829 Studios	skipped_banned
https://www.linkedin.com/jobs/view/drupal-developer-backend-temp-at-epam-systems-4376681747	2026-04-06	LinkedIn - Drupal full-time	Drupal Developer - Backend - Temp	EPAM Systems	skipped_geo
https://www.linkedin.com/jobs/view/drupal-developer-remote-role-at-general-dynamics-information-technology-4386047019	2026-04-06	LinkedIn - Drupal full-time	Drupal Developer - Remote Role	General Dynamics Information Technology	skipped_geo
https://www.linkedin.com/jobs/view/senior-drupal-developer-at-launchpad-technologies-inc-4063126848	2026-04-06	LinkedIn - Drupal full-time	Senior Drupal Developer	Launchpad Technologies Inc.	skipped_closed
https://www.linkedin.com/jobs/view/senior-drupal-developer-at-see-talent-group-latino-am%C3%A9rica-headhunting-4261792342	2026-04-06	LinkedIn - Drupal full-time	Senior Drupal Developer	SEE Talent Group Latino America - Headhunting	added
https://www.linkedin.com/jobs/view/senior-software-engineer-drupal-php-remote-at-icf-4357669809	2026-04-06	LinkedIn - Drupal full-time	Senior Software Engineer (Drupal PHP) - Remote	ICF	skipped_geo_unconfirmed
https://www.thedroptimes.com/job/65426/remote-drupal-developer-job-at-apiux-tech-in-spain	2026-04-07	TheDropTimes - Drupal	Drupal Developer	Apiux Tech	added
https://www.upwork.com/freelance-jobs/apply/Drupal-Drupal-Site-Migration-Specialist_~021967563224418118828/	2026-04-06	Upwork - Drupal	Drupal 7 to Drupal 11 Site Migration Specialist	Upwork Client	added
https://jobs.drupal.org/constructive/job/17270	2026-05-01	Drupal Jobs Board	Full Stack Developer (Drupal & WordPress) - Americas TZ	Constructive	added
https://jobs.drupal.org/constructive/job/18382	2026-05-01	Drupal Jobs Board	Open Call for Freelance Drupal Developers	Constructive	skipped_geo
https://jobs.drupal.org/imagex/job/17994	2026-05-01	Tracked company - ImageX	Senior/Lead Drupal Developer	ImageX	skipped_closed
https://jobs.drupal.org/chromatic/job/17288	2026-05-01	Drupal Jobs Board	Senior Drupal/PHP Application Developer	Chromatic	added
https://jobs.drupal.org/chromatic/job/17129	2026-05-01	Drupal Jobs Board	Senior Front-End Drupal Developer	Chromatic	added
https://jobs.drupal.org/symphony3/job/16811	2026-05-01	Drupal Jobs Board	Senior Full-stack Drupal Developer - Remote (worldwide)	Symphony3	added
https://jobs.drupal.org/multivision-inc/job/18377	2026-05-01	Drupal Jobs Board	Drupal Engineer (Full Stack) - Contract to Hire	Multivision Inc.	skipped_geo
https://jobs.drupal.org/t-and-t-consulting-services/job/18309	2026-05-01	Drupal Jobs Board	Lead Developer (Drupal) Remote	T&T Consulting Services	skipped_geo
https://jobs.drupal.org/track-it-forward/job/18373	2026-05-01	Drupal Jobs Board	Lead Developer for SaaS app on Drupal 6 & Ionic	Track It Forward	skipped_geo
https://jobs.drupal.org/renesas-electronics/job/17769	2026-05-01	Drupal Jobs Board	Senior Front-end Drupal Web Developer	Renesas Electronics	skipped_geo_unconfirmed
https://weworkremotely.com/remote-jobs/ten7-drupal-developer-tech-lead	2026-05-01	We Work Remotely	Drupal Developer Tech Lead	TEN7	skipped_geo
https://www.workingnomads.com/jobs/drupal-developer-x-team	2026-05-04	Working Nomads - Drupal	Remote Drupal Developer	X-Team	skipped_closed
https://www.workingnomads.com/jobs/laravel-and-vuejs-developer-for-good-minds-on-design-lab	2026-05-04	Working Nomads - Laravel	Laravel and Vue.js Developer for Good	Minds On Design Lab	skipped_closed
https://www.workingnomads.com/jobs/laravel-developer-tandem	2026-05-04	Working Nomads - Laravel	Laravel Developer	Tandem	skipped_geo_unconfirmed
https://www.workingnomads.com/jobs/php-laravel-software-engineer-newswire	2026-05-04	Working Nomads - Laravel	PHP / Laravel Software Engineer	Newswire	skipped_geo_unconfirmed
https://www.workingnomads.com/jobs/drupal-front-end-developer-portland-webworks-1569299	2026-05-04	Working Nomads - Drupal	Drupal Front End Developer	Portland Webworks	skipped_geo_unconfirmed
https://jobs.drupal.org/annertech/job/13263	2026-05-04	Drupal Jobs Board	Drupal Backend Developer	Annertech	skipped_geo
https://jobs.drupal.org/imagex/job/17711	2026-05-04	Drupal Jobs Board	Senior PHP/Drupal Developer	ImageX	skipped_geo
https://jobs.drupal.org/lullabot/job/17323	2026-05-04	Tracked company - Lullabot	Drupal Backend Developer	Lullabot	skipped_geo
https://jobs.drupal.org/discoverygarden/job/17699	2026-05-07	Drupal Jobs Board	Senior Drupal Developer	discoverygarden	skipped_closed
https://jobs.drupal.org/c4media-creators-infoq-qcon/job/17628	2026-05-07	Drupal Jobs Board	Drupal 9 Developer (Full Time Remote)	C4Media / InfoQ	skipped_geo
https://jobs.drupal.org/kanopi-studios/job/17481	2026-05-07	Drupal Jobs Board	Senior Drupal Engineer	Kanopi Studios	skipped_geo
https://jobs.drupal.org/kalamuna/job/18225	2026-05-07	Drupal Jobs Board	Senior Architect (Drupal)	Kalamuna	skipped_geo
https://jobs.drupal.org/civicactions/job/17905	2026-05-07	Drupal Jobs Board	Back-End Drupal Developer	CivicActions	skipped_geo
https://jobs.drupal.org/bliss/job/16941	2026-05-07	Drupal Jobs Board	Lead / Senior Drupal Developer	Bliss (UK)	skipped_geo
https://weworkremotely.com/remote-jobs/lullabot-inc-drupal-developer	2026-05-07	We Work Remotely — Drupal	Drupal Developer	Lullabot	skipped_geo_unconfirmed
https://weworkremotely.com/remote-jobs/linkwell-health-inc-contract-drupal-developer	2026-05-07	We Work Remotely — Drupal	Contract Drupal Developer	Linkwell Health	skipped_closed
https://weworkremotely.com/remote-jobs/constructive-open-call-for-freelance-wordpress-drupal-developers-remote-usa	2026-05-07	We Work Remotely — Drupal	Open Call for Freelance WordPress/Drupal Developers	Constructive	skipped_geo
https://weworkremotely.com/remote-jobs/mtc-backend-php-developer-laravel-wordpress-drupal	2026-05-07	We Work Remotely — PHP	Backend PHP Developer (Laravel/WordPress/Drupal)	MTC	skipped_geo_unconfirmed
https://www.getonbrd.com/jobs/programming/sr-back-end-developer-php-drupal-accelone-remoto	2026-05-07	Get on Board — Drupal/PHP	Sr Back-end Developer (PHP + Drupal)	AccelOne	skipped_closed
https://accelone.breezy.hr/p/dd8309deb519-senior-backend-developer-php-drupal	2026-05-07	AccelOne careers	Senior Backend Developer (PHP + Drupal)	AccelOne	skipped_closed
https://www.getonbrd.com/jobs/programming/back-end-php-symfony-sngular-remote	2026-05-07	Get on Board — Symfony	Back-end PHP / Symfony Developer	Sngular	skipped_closed
https://www.getonbrd.com/jobs/programming/backend-symfony-developer-trem-group-remote	2026-05-07	Get on Board — Symfony	Back-end Symfony Developer	TREM Group	skipped_closed
https://jobs.drupal.org/4allpromos/job/18291	2026-05-07	Drupal Jobs Board RSS	Full Stack Drupal Engineer	4AllPromos	skipped_geo
https://jobs.drupal.org/third-and-grove/job/18008	2026-05-07	Drupal Jobs Board RSS	Lead Drupal Developer	Third and Grove	skipped_geo
https://jobs.drupal.org/spry-digital/job/18248	2026-05-07	Drupal Jobs Board RSS	DevOps Full Stack Developer	Spry Digital	skipped_geo
https://jobs.drupal.org/promet-source/job/18215	2026-05-07	Drupal Jobs Board RSS	Mid to Senior Drupal Developer	Promet Source	skipped_geo
https://jobs.drupal.org/tanren-tech/job/18366	2026-05-07	Drupal Jobs Board RSS	IXP - Drupal Full Stack Developer	TanRen Tech	skipped_geo
https://jobs.drupal.org/ymbra/job/17738	2026-05-07	Drupal Jobs Board RSS	Drupal Backend Developer	Ymbra	skipped_geo
https://jobs.drupal.org/amazeeio/job/17847	2026-05-07	Drupal Jobs Board RSS	Platform Engineer (EMEA)	amazee.io	skipped_geo
https://jobs.drupal.org/opensense-labs/job/18381	2026-05-07	Drupal Jobs Board RSS	Drupal Intern	OpenSense Labs	skipped_geo
https://jobs.drupal.org/aten-design-group/job/17772	2026-05-07	Drupal Jobs Board RSS	Front-end Drupal Developer	Aten Design Group	skipped_geo
https://jobs.drupal.org/congressional-budget-office/job/18375	2026-05-07	Drupal Jobs Board RSS	Full-Stack Drupal Web Developer	Congressional Budget Office	skipped_geo
https://br.linkedin.com/jobs/view/laravel-developer-%2B-react-remote-latin-america-at-bluelight-4407140723	2026-05-07	LinkedIn — Laravel LATAM	Laravel Developer + React - Remote	Bluelight Consulting	skipped_closed
https://remote.com/jobs/provident-crm-c1fu78lq/lead-drupal-developer-j1deq4z8	2026-05-07	Brave — Senior/Lead Drupal	Lead Drupal Developer	Provident CRM	skipped_geo
https://career.softserveinc.com/en-us/vacancies/cms-solutions-architect-contentful-drupal-87360	2026-05-07	Direct — user submitted	CMS Solutions Architect (Contentful, Drupal)	SoftServe	added
https://weworkremotely.com/remote-jobs/lemon-io-senior-full-stack-symfony-developer	2026-05-11	We Work Remotely — Programming	Senior Full-stack Symfony Developer	Lemon.io	added
https://www.peopleperhour.com/freelance-jobs/technology-programming/website-development/laravel-vue-js-developer-needed-4494114	2026-05-11	PeoplePerHour	Laravel + Vue.js Developer	PeoplePerHour Client	added
https://www.getonbrd.com/jobs/programacion/senior-drupal-engineer-devsu-remote	2026-05-12	Get on Board — Drupal	Senior Drupal Engineer	Devsu	skipped_closed
https://www.getonbrd.com/jobs/programming/senior-symfony-software-engineer-kore-rpo-remote	2026-05-12	Get on Board — Symfony	Senior Symfony Software Engineer	Kore RPO	skipped_closed
https://www.getonbrd.com/jobs/programming/desarrollador-full-stack-php-laravel-alluxi-remote	2026-05-12	Get on Board — Laravel	Desarrollador Full-Stack PHP/Laravel	Alluxi	skipped_closed
https://www.getonbrd.com/jobs/programacion/desarrollador-fullstack-laravel-usercode-spa-remote	2026-05-12	Get on Board — Laravel	Desarrollador Full-Stack Laravel	Usercode SpA	skipped_closed
https://www.getonbrd.com/jobs/programming/desarrollador-fullstack-php-laravel-usercode-spa-remote	2026-05-12	Get on Board — Laravel	Desarrollador Full-Stack PHP (Laravel)	Usercode SpA	skipped_closed
https://www.getonbrd.com/jobs/programming/desarrollador-backend-kuantaz-remote	2026-05-12	Get on Board — Laravel	Desarrollador Back-end PHP (Laravel)	Kuantaz	skipped_closed
https://www.getonbrd.com/jobs/programming/desarrollador-drupal-senior-moventi-remote	2026-05-12	Get on Board — Drupal	Desarrollador Drupal Senior	Moventi	skipped_closed
https://www.getonbrd.com/jobs/programming/back-end-symfony-developer-trem-group-remote-d115	2026-05-12	Get on Board — Symfony	Symfony API Developer	TREM Group	skipped_geo_unconfirmed
https://www.getonbrd.com/empleos/programacion/desarrollador-backend-php-symfony-interfell-remote	2026-05-12	Get on Board — Symfony	Desarrollador Back-end (PHP + Symfony)	Interfell	skipped_geo_unconfirmed
https://www.getonbrd.com/jobs/programming/backend-developer-laravel-visados-empresas-remote	2026-05-12	Get on Board — Laravel	Back-end Developer Laravel	Visados Empresas	skipped_geo_unconfirmed
https://www.getonbrd.com/jobs/programming/back-end-developer-laravel-talently-remote-f4f8	2026-05-12	Get on Board — Laravel	Back-end Developer (Laravel)	Talently	skipped_geo_unconfirmed
https://www.getonbrd.com/jobs/programacion/php-laravel-developer-agent-legend-remote	2026-05-12	Get on Board — Laravel	PHP/Laravel Developer	Agent Legend	skipped_geo_unconfirmed
https://jobs.drupal.org/cksource/job/17825	2026-05-12	Drupal Jobs Board	Drupal Developer	CKSource	skipped_geo_unconfirmed
https://jobs.drupal.org/human-rights-watch/job/17227	2026-05-12	Drupal Jobs Board	Full Stack Drupal Developer	Human Rights Watch	skipped_geo_unconfirmed
https://jobs.drupal.org/ies-abroad/job/17683	2026-05-12	Drupal Jobs Board	Web Developer (Remote)	IES Abroad	skipped_geo_unconfirmed
https://www.workingnomads.com/jobs/magento-2-php-laravel-developer-thompson-technologies	2026-05-12	Working Nomads — PHP	Remote Magento 2 / PHP / Laravel Developer	Thompson Technologies	skipped_geo_unconfirmed
https://www.getonbrd.com/jobs/programming/sr-fullstack-drupal-developer-truelogic-software-remote	2026-05-12	Get on Board — Drupal	Sr Full-Stack Drupal Developer	Truelogic Software	skipped_geo
https://www.getonbrd.com/jobs/programming/php-laravel-developer-dominion-remote-7531	2026-05-12	Get on Board — Laravel	PHP + Laravel Developer	Coderland By Dominion	skipped_geo
https://www.getonbrd.com/jobs/programming/laravel-developer-dominion-remote	2026-05-12	Get on Board — Laravel	Laravel Developer	Coderland By Dominion	skipped_geo
https://jobs.drupal.org/qcon-software-development-conferences/job/17629	2026-05-12	Drupal Jobs Board	Drupal Developer (South-America, Europe, Africa)	QCon	skipped_geo
https://www.getonbrd.com/jobs/programming/full-stack-developer-php-vue-js-talently-remote	2026-05-12	Get on Board — Laravel	Full-Stack Developer (Laravel + Vue.js)	Talently	skipped_title
https://www.getonbrd.com/jobs/programming/desarrollador-full-stack-laravel-vue-js-lebox-remote-32a2	2026-05-12	Get on Board — Laravel	Desarrollador Full-Stack Laravel + Vue.js	Lebox	skipped_title
https://jobs.drupal.org/common-sense-media/job/15206	2026-05-12	Drupal Jobs Board	Senior Developer	Common Sense Media	skipped_title
https://jobs.drupal.org/lullabot/job/16635	2026-05-12	Drupal Jobs Board	Front-end Drupal/JS Developer	Lullabot	skipped_title
https://www.workingnomads.com/jobs/senior-full-stack-developer-lemonio-1527145	2026-05-12	Working Nomads — Symfony	Senior Full-stack Developer	Lemon.io	skipped_duplicate
https://remotive.com/remote/jobs/software-development/senior-drupal-developer-4224962	2026-05-13	Remotive — Drupal	Senior Drupal Developer	Pan American Health Organization (PAHO)	added
https://remotive.com/remote/jobs/software-development/drupal-developer-4271045	2026-05-13	Remotive — Drupal	Drupal Developer	NavitasPartners	added
https://weworkremotely.com/remote-jobs/proxify-ab-senior-laravel-developer-long-term-job-100-remote	2026-05-13	We Work Remotely — Laravel	Senior Laravel Developer	Proxify	added
https://weworkremotely.com/listings/chirocat-senior-laravel-developer	2026-05-13	We Work Remotely — Laravel	Senior Laravel Developer	ChiroCat	added
https://www.workingnomads.com/jobs/full-stack-symfony-developer-with-strong-chef-experience-scalable-path	2026-05-13	Working Nomads — Symfony	Full-Stack Symfony Developer	Scalable Path	added
https://weworkremotely.com/remote-jobs/majestyk-apps-sr-backend-developer-laravel	2026-05-13	We Work Remotely — Laravel	Sr. Backend Developer (Laravel)	Majestyk Apps	skipped_geo_unconfirmed
https://remotive.com/remote/jobs/software-dev/creative-tech-senior-drupal-developer-1321297	2026-05-13	Remotive — Drupal	Creative Tech Senior Drupal Developer	Devoteam	skipped_geo_unconfirmed
https://weworkremotely.com/remote-jobs/patchstack-senior-backend-developer-php-laravel	2026-05-13	We Work Remotely — Laravel	Senior Backend Developer (PHP/Laravel)	Patchstack	skipped_geo
https://www.workingnomads.com/jobs/php-developer-symfony-revenue-crm-team-docplanner	2026-05-13	Working Nomads — Symfony	PHP Developer (Symfony) Revenue CRM	Docplanner	skipped_geo
https://remotive.com/remote/jobs/software-development/senior-php-developer-4481104	2026-05-13	Remotive — PHP	Senior PHP Developer	InsCipher	skipped_geo
https://remotive.com/remote/jobs/software-development/senior-php-developer-backend-laravel-symfony-with-ai-coding-experience-4348598	2026-05-13	Remotive — PHP	Senior PHP Developer Backend (Laravel/Symfony)	headhunter.digital	skipped_geo
https://weworkremotely.com/remote-jobs/arborxr-php-laravel-developer	2026-05-13	We Work Remotely — Laravel	PHP/Laravel Developer	ArborXR	skipped_geo
https://www.remoterocketship.com/company/evolving-web/jobs/drupal-php-developer-remote-canada	2026-05-13	Remote Rocketship — Drupal	Drupal PHP Developer	Evolving Web	skipped_geo
https://weworkremotely.com/remote-jobs/leadquizzes-junior-middle-php-symfony-developer	2026-05-13	We Work Remotely — Symfony	Junior/Middle PHP (Symfony) Developer	LeadQuizzes	skipped_title
https://jobs.drupal.org/weknow-inc/job/18162	2026-05-13	Drupal Jobs Board	Senior Drupal Developer	weKnow Inc.	skipped_duplicate
https://weworkremotely.com/remote-jobs/textmagic-senior-back-end-developer-php-symfony-postgresql-1	2026-05-13	We Work Remotely — PHP	Senior Back-end Developer (PHP/Symfony/PostgreSQL)	TextMagic	skipped_closed
https://startup.jobs/senior-full-stack-php-laravel-reactjs-engineer-all-latam-countries-fully-remote-mahisoft-inc-4258649	2026-05-14	startup.jobs	Senior Full Stack PHP Laravel React.js Engineer	Mahisoft Inc.	added
https://startup.jobs/senior-php-laravel-developer-all-latam-countries-fully-remote-mahisoft-inc-4258648	2026-05-14	startup.jobs	Senior PHP Laravel Developer	Mahisoft Inc.	added
https://remotive.com/remote/jobs/software-development/senior-backend-php-developer-4486382	2026-05-14	Remotive — PHP	Senior Backend PHP Developer	Lighthouse	added
https://remotive.com/remote/jobs/software-development/php-developer-backend-4488306	2026-05-14	Remotive — PHP	PHP Developer Backend	Custom Connect	added
https://remotive.com/remote/jobs/software-development/senior-php-developer-ai-integration-focus-3889154	2026-05-14	Remotive — PHP	Senior PHP Developer - AI Integration Focus	Allshore Talent	skipped_geo
https://remotive.com/remote/jobs/software-development/drupal-developer-4468263	2026-05-14	Remotive — Drupal	Drupal Developer	Veolia UK	skipped_geo
https://remotive.com/remote/jobs/software-dev/drupal-php-developer-1629325	2026-05-14	Remotive — Drupal	Drupal/PHP Developer	Evolving Web	skipped_geo
https://remotive.com/remote/jobs/software-development/freelance-senior-drupal-developer-3798751	2026-05-14	Remotive — Drupal	Freelance Senior Drupal Developer	B-works	skipped_geo
https://remotive.com/remote/jobs/software-development/software-developer-full-stack-laravel-php-4363511	2026-05-14	Remotive — Laravel	Software Developer – Full Stack (Laravel/PHP)	LGH Group	skipped_geo
https://weworkremotely.com/remote-jobs/ixdf-interaction-design-foundation-senior-php-laravel-developer	2026-05-14	We Work Remotely — PHP	Senior PHP/Laravel Developer	IxDF	skipped_geo
https://weworkremotely.com/remote-jobs/ixdf-interaction-design-foundation-senior-php-laravel-developer-full-stack	2026-05-14	We Work Remotely — PHP	Senior PHP/Laravel Developer - Full-Stack	IxDF	skipped_geo
https://weworkremotely.com/remote-jobs/interaction-design-foundation-ixdf-senior-php-laravel-developer	2026-05-14	We Work Remotely — PHP	Senior PHP/Laravel Developer	Interaction Design Foundation	skipped_geo
https://weworkremotely.com/remote-jobs/interaction-design-foundation-ixdf-senior-php-laravel-developer-full-stack	2026-05-14	We Work Remotely — PHP	Senior PHP/Laravel Developer - Full-Stack	Interaction Design Foundation	skipped_geo
https://weworkremotely.com/remote-jobs/interaction-design-foundation-senior-php-laravel-developer	2026-05-14	We Work Remotely — PHP	Senior PHP (Laravel) Developer	Interaction Design Foundation	skipped_geo
https://www.remoterocketship.com/us/company/decisionpointcorp/jobs/drupal-php-developer-united-states-remote/	2026-05-14	Remote Rocketship — Drupal	Drupal, PHP Developer	DecisionPoint Corporation	skipped_geo
https://www.remoterocketship.com/us/company/nextcentury/jobs/drupal-developer-united-states-remote/	2026-05-14	Remote Rocketship — Drupal	Drupal Developer	CACI International Inc	skipped_geo
https://www.remoterocketship.com/company/evolving-web/jobs/drupal-developer-php-canada	2026-05-14	Remote Rocketship — Drupal	Drupal Developer, PHP	Evolving Web	skipped_geo
https://www.remoterocketship.com/company/evolving-web/jobs/drupal-php-developer-canada	2026-05-14	Remote Rocketship — Drupal	Drupal PHP Developer	Evolving Web	skipped_geo
https://www.remoterocketship.com/company/sqli/jobs/d-veloppeur-confirm-php-symfony-h-f-france	2026-05-14	Remote Rocketship — Symfony	Developpeur Confirme PHP/Symfony	SQLI	skipped_geo
https://www.thedroptimes.com/job/67498/remote-drupal-developer-job-at-idr-inc-in-austin-texas-united-states	2026-05-14	TheDropTimes	Drupal Developer	IDR Inc.	skipped_geo
https://www.thedroptimes.com/job/66664/remote-drupal-developer-job-at-develop-in-united-kingdom	2026-05-14	TheDropTimes	Drupal Developer	Develop	skipped_geo
https://startup.jobs/lamp-stack-senior-developer-laravel-remote-usa-only-nylon-technology-7206234	2026-05-14	startup.jobs	LAMP Stack Senior Developer + Laravel	Nylon Technology	skipped_geo
https://remotive.com/remote/jobs/software-development/senior-drupal-developer-3889875	2026-05-14	Remotive — Drupal	Senior Drupal Developer	RIVA Solutions Inc.	skipped_geo
https://remotive.com/remote/jobs/software-development/mid-level-drupal-developer-4189178	2026-05-14	Remotive — Drupal	Mid-level Drupal Developer	CI&T	skipped_geo
https://remotive.com/remote/jobs/software-development/senior-drupal-developer-3657153	2026-05-14	Remotive — Drupal	Senior Drupal Developer	Staff Domain Inc.	skipped_geo
https://remotive.com/remote/jobs/software-development/senior-backend-php-developer-4443403	2026-05-14	Remotive — PHP	Senior Backend PHP Developer	DOT Group	skipped_geo
https://remotive.com/remote/jobs/software-development/senior-backend-developer-4616201	2026-05-14	Remotive — PHP	Senior Backend Developer (PHP/Symfony)	Vivecti Group	skipped_geo
https://larajobs.com/job/969	2026-05-14	LaraJobs	Laravel Jedi (Remote - EU)	Award Force	skipped_geo
https://remotive.com/remote/jobs/software-development/laravel-developer-3748755	2026-05-14	Remotive — Laravel	Laravel Developer	Learntastic	skipped_geo
https://startup.jobs/junior-php-laravel-developer-remote-full-time-bluelight-consulting-4677780	2026-05-14	startup.jobs	Junior PHP Laravel Developer	Bluelight Consulting	skipped_title
https://remotive.com/remote/jobs/software-development/web-specialist-4256580	2026-05-14	Remotive — PHP	Web Specialist	Alpha Omega	skipped_title
https://remotive.com/remote/jobs/software-development/intermediate-web-developer-4273774	2026-05-14	Remotive — PHP	Intermediate Web Developer	Precision Medicine Group	skipped_title
https://weworkremotely.com/remote-jobs/mtc-experienced-php-backend-developer	2026-05-14	We Work Remotely — PHP	Experienced PHP Backend Developer	mtc	skipped_geo_unconfirmed
https://remotive.com/remote/jobs/software-development/backend-mid-php-4422082	2026-05-14	Remotive — PHP	Backend MID PHP	Fundacion Cibervoluntarios	skipped_geo_unconfirmed
https://weworkremotely.com/remote-jobs/order-desk-senior-php-developer	2026-05-14	We Work Remotely — PHP	Senior PHP Developer	Order Desk	skipped_closed
https://weworkremotely.com/remote-jobs/entermotion-php-laravel-app-developer	2026-05-15	We Work Remotely — Laravel	PHP/Laravel App Developer	Entermotion Design Studio	added
https://remotive.com/remote/jobs/software-development/professional-software-engineer-gn-php-b2b-commerce-4386028	2026-05-15	Remotive — PHP/Symfony	Professional Software Engineer (PHP B2B Commerce)	The Quality Group	added
https://startup.jobs/full-stack-software-engineer-php-laravel-vuejs-html-css-latin-america-only-freelance-remote-braintrust-4228694	2026-05-15	startup.jobs	Full Stack Software Engineer [PHP, Laravel, VueJS]	Braintrust	added
https://weworkremotely.com/remote-jobs/scaffold-digital-php-laravel-software-developer-1	2026-05-15	We Work Remotely — Laravel	PHP Laravel - Software Developer	Scaffold Digital	skipped_geo
https://weworkremotely.com/remote-jobs/scaffold-digital-php-laravel-back-end-software-engineer	2026-05-15	We Work Remotely — Laravel	PHP Laravel Back-end Software Engineer	Scaffold Digital	skipped_geo
https://larajobs.com/job/3738	2026-05-15	LaraJobs	Senior Laravel Web Developer - Full Stack	ScreenPal	skipped_geo
https://weworkremotely.com/remote-jobs/remotemore-php-developer	2026-05-15	We Work Remotely — PHP	PHP Developer	RemoteMore	skipped_geo_unconfirmed
https://weworkremotely.com/remote-jobs/interaction-design-foundation-senior-php-developer-laravel-4	2026-05-15	We Work Remotely — PHP	Senior PHP Developer (Laravel)	Interaction Design Foundation	skipped_geo_unconfirmed
https://larajobs.com/job/961	2026-05-15	LaraJobs	Full Stack Web Developer (Laravel/VueJS)	SpringboardVR	skipped_geo_unconfirmed
https://remotive.com/remote/jobs/software-development/php-laravel-developer-4001974	2026-05-18	Remotive — Laravel	PHP Laravel Developer	Somewhere	added
https://www.remoterocketship.com/us/company/topmind-com-br/jobs/full-stack-drupal-developer-worldwide-remote/	2026-05-18	Remote Rocketship — Drupal	Full Stack Drupal Developer	TOPMIND	added
https://startup.jobs/php-with-laravel-developer-remote-latin-america-fullstack-labs-3307694	2026-05-18	startup.jobs	PHP with Laravel Developer	FullStack Labs	added
https://startup.jobs/php-developer-remote-latin-america-fullstack-labs-5001396	2026-05-18	startup.jobs	PHP Developer	FullStack Labs	added
https://startup.jobs/php-developer-remote-oowlish-technology-4008101	2026-05-18	startup.jobs	PHP Developer	Oowlish Technology	added
https://jobs.lever.co/bluelightconsulting/3187bca5-2926-4827-bfa2-05fcb36ed92d	2026-05-18	Lever — Bluelight	Laravel Developer + React	Bluelight Consulting	added
https://jobs.lever.co/bluelightconsulting/5a209f53-9fcf-44c4-bd54-8a3836e9ec17	2026-05-18	Lever — Bluelight	Laravel Developer	Bluelight Consulting	added
https://weworkremotely.com/remote-jobs/calldrip-senior-php-full-stack-developer	2026-05-18	We Work Remotely — PHP	Senior PHP & Full-stack Developer	Calldrip	skipped_geo_unconfirmed
https://startup.jobs/full-stack-developer-remote-latin-america-fullstack-labs-4779755	2026-05-18	startup.jobs	Full Stack Developer	FullStack Labs	skipped_title
https://remotive.com/remote/jobs/software-development/senior-php-engineer-3691750	2026-05-18	Remotive — PHP	Senior PHP Engineer	Airalo	skipped_geo
https://startup.jobs/senior-software-engineer-php-symfony-laravel-deskpro-4218569	2026-05-18	startup.jobs	Senior Software Engineer (PHP/Symfony/Laravel)	DeskPRO	skipped_geo
https://builtin.com/job/drupal-developer-remote-latin-america/2535119	2026-05-19	BuiltIn — FullStack Labs	Drupal Developer - Remote - Latin America	FullStack Labs	added
https://builtin.com/job/drupal-developer-remote-latin-america/2561814	2026-05-19	BuiltIn — FullStack Labs	Drupal Developer - Remote - Latin America (2)	FullStack Labs	added
https://weworkremotely.com/remote-jobs/lemon-io-senior-full-stack-angular-php-developer	2026-05-19	We Work Remotely — PHP	Senior Full-stack Angular & PHP Developer	Lemon.io	added
https://remotive.com/remote/jobs/software-development/senior-laravel-software-developer-4548910	2026-05-19	Remotive — Laravel	Senior Laravel Software Developer	r2p Group	skipped_geo_unconfirmed
https://wellfound.com/company/worca/jobs/2670726-senior-backend-engineer-php-symfony-remote	2026-05-19	Wellfound	Senior Backend Engineer (PHP/Symfony)	Worca	skipped_geo_unconfirmed
https://wellfound.com/jobs/3934064-php-laravel-developer-senior	2026-05-19	Wellfound	PHP Laravel Developer (Senior)	Origins AI	skipped_geo_unconfirmed
https://weworkremotely.com/remote-jobs/gymdesk-mid-level-php-developer-for-b2b-saas	2026-05-19	We Work Remotely — PHP	Mid-level PHP Developer for B2B SaaS	Gymdesk	skipped_geo_unconfirmed
https://www.remoterocketship.com/company/kanopi-studios/jobs/contract-website-developer-drupal-or-wordpress-united-states-remote/	2026-05-19	Remote Rocketship — Drupal	Contract Website Developer (Drupal/WordPress)	Kanopi Studios	skipped_geo
https://www.remoterocketship.com/company/er2/jobs/symfony-developer-united-states-remote/	2026-05-19	Remote Rocketship — Symfony	Symfony Developer	ER2	skipped_geo
https://www.remoterocketship.com/company/coderockr/jobs/web-developer-backend-worldwide-remote/	2026-05-19	Remote Rocketship — PHP	Web Developer Backend	Coderockr	skipped_geo
https://job-boards.greenhouse.io/acquia/jobs/7492682	2026-05-19	Greenhouse — Acquia	Associate Developer PS (Drupal Fullstack)	Acquia	skipped_geo
https://weworkremotely.com/remote-jobs/interaction-design-foundation-senior-php-laravel-developer-1	2026-05-19	We Work Remotely — PHP	Senior PHP (Laravel) Developer	Interaction Design Foundation	skipped_geo
https://weworkremotely.com/remote-jobs/interaction-design-foundation-ixdf-senior-php-laravel-developer-1	2026-05-19	We Work Remotely — PHP	Senior PHP/Laravel Developer	IxDF - Interaction Design Foundation	skipped_geo
https://weworkremotely.com/remote-jobs/lemon-io-senior-full-stack-developer-8	2026-05-19	We Work Remotely — PHP	Senior Full-Stack Developer	Lemon.io	skipped_duplicate
https://www.remoterocketship.com/company/headhunter-digital/jobs/senior-php-developer-backend-laravel-symfony-ai-assisted-coding-worldwide-remote/	2026-05-19	Remote Rocketship — PHP	Senior PHP Developer (Laravel/Symfony)	Headhunter Digital	skipped_duplicate
https://wellfound.com/jobs/3684863-laravel-developer-react-remote-latin-america	2026-05-19	Wellfound	Laravel Developer + React	Bluelight Consulting	skipped_duplicate
https://weworkremotely.com/remote-jobs/proxify-ab-senior-laravel-developer-1	2026-05-19	We Work Remotely — Laravel	Senior Laravel Developer	Proxify AB	skipped_duplicate
https://www.remoterocketship.com/company/corewillsoft-gmbh/jobs/fullstack-software-engineer-backend-frontend-worldwide-remote/	2026-05-19	Remote Rocketship	Fullstack Software Engineer (Backend+Frontend)	CoreWillSoft GmbH	skipped_title
https://startup.jobs/wordpress-developer-remote-latin-america-fullstack-labs-4186143	2026-05-19	startup.jobs	WordPress Developer - Remote - Latin America	FullStack Labs	skipped_title
https://remoteok.com/remote-jobs/110853-remote-senior-php-symfony-laravel-developer-lolly-co	2026-05-19	RemoteOK	Senior PHP Symfony Laravel Developer	Lolly Co	skipped_closed
https://remotive.com/remote/jobs/software-development/php-developer-4285212	2026-05-20	Remotive — PHP	PHP Developer	Perficient	added
https://remotive.com/remote/jobs/software-development/php-developer-3957271	2026-05-20	Remotive — PHP	PHP Developer	Bluelight Consulting	added
https://remotive.com/remote/jobs/software-dev/senior-drupal-php-engineer-1860813	2026-05-20	Remotive — Drupal	Senior Drupal PHP Engineer	Foxbox Digital	added
https://remotive.com/remote/jobs/software-development/senior-laravel-php-engineer-3981925	2026-05-20	Remotive — Laravel	Senior Laravel/PHP Engineer	Gorilla Logic	added
https://startup.jobs/php-developer-latin-america-remote-azumo-3847799	2026-05-20	startup.jobs	PHP Developer	Azumo	added
https://jobs.lever.co/bluelightconsulting/8cd1d3fa-926f-463c-8c10-d9a6a3b06226	2026-05-20	Lever — Bluelight	Full Stack Laravel + React Developer	Bluelight Consulting	added
https://jobs.lever.co/bluelightconsulting/3e9ffcd7-bd56-4337-b0db-685f53752cfe	2026-05-20	Lever — Bluelight	Laravel and React Developer	Bluelight Consulting	added
https://weworkremotely.com/remote-jobs/lemon-io-senior-php-full-stack-developer	2026-05-20	We Work Remotely — PHP	Senior PHP Full-stack Developer	Lemon.io	added
https://weworkremotely.com/remote-jobs/lemon-io-senior-full-stack-php-react-developer	2026-05-20	We Work Remotely — PHP	Senior Full-stack PHP & React Developer	Lemon.io	added
https://startup.jobs/laravel-developer-react-remote-latin-america-bluelight-consulting-7579720	2026-05-20	startup.jobs	Laravel Developer + React	Bluelight Consulting	skipped_duplicate
https://startup.jobs/laravel-and-react-developer-latin-america-remote-position-bluelight-consulting-7216836	2026-05-20	startup.jobs	Laravel and React Developer	Bluelight Consulting	skipped_duplicate
https://builtin.com/job/laravel-developer-remote-latin-america/3953770	2026-05-20	BuiltIn — Bluelight	Laravel Developer - Remote - Latin America	Bluelight Consulting	skipped_duplicate
https://weworkremotely.com/remote-jobs/lemon-io-senior-full-stack-php-developer	2026-05-20	We Work Remotely — PHP	Senior Full-stack PHP Developer	Lemon.io	skipped_duplicate
https://weworkremotely.com/remote-jobs/proxify-ab-senior-laravel-developer-6	2026-05-20	We Work Remotely — Laravel	Senior Laravel Developer	Proxify AB	skipped_geo
https://weworkremotely.com/remote-jobs/ku-europe-gmbh-php-laravel-developer-remote-full-time	2026-05-20	We Work Remotely — Laravel	PHP/Laravel Developer	KU Europe GmbH	skipped_geo
https://remotive.com/remote/jobs/software-development/php-laravel-engineer-3839482	2026-05-20	Remotive — Laravel	PHP Laravel Engineer	Augusta Hitech Soft Solutions	skipped_geo
https://startup.jobs/laravel-php-engineer-2-month-contract-brazil-planet-argon-5673852	2026-05-20	startup.jobs	Laravel/PHP Engineer (Contract)	Planet Argon	skipped_geo
https://startup.jobs/laravel-developer-visevengroup-5553740	2026-05-20	startup.jobs	Laravel developer	Viseven	skipped_geo_unconfirmed
https://weworkremotely.com/remote-jobs/internet-projects-ltd-senior-symfony-php-full-stack-developer-remote-full-time-1	2026-05-21	We Work Remotely — Symfony	Senior Symfony PHP Full Stack Developer	Internet Projects Ltd	added
https://remotive.com/remote/jobs/software-development/laravel-developer-4498886	2026-05-21	Remotive — Laravel	Laravel Developer	Immovara GmbH	added
https://weworkremotely.com/remote-jobs/proxify-ab-senior-symfony-developer-1	2026-05-21	We Work Remotely — Symfony	Senior Symfony Developer	Proxify AB	added
https://weworkremotely.com/remote-jobs/bbe-marketing-inc-full-stack-php-developer-symfony-angular-1	2026-05-21	We Work Remotely — PHP/Symfony	Full-Stack PHP Developer (Symfony + Angular)	BBE Marketing Inc	added
https://weworkremotely.com/remote-jobs/better-proposals-php-developer	2026-05-21	We Work Remotely — PHP	PHP Developer	Better Proposals	skipped_geo_unconfirmed
https://startup.jobs/drupal-developer-remote-sinch-3463392	2026-05-21	startup.jobs — Drupal	Drupal Developer	Sinch	skipped_geo_unconfirmed
https://weworkremotely.com/remote-jobs/prat-city-llc-senior-laravel-developer-technical-lead	2026-05-21	We Work Remotely — Laravel	Senior Laravel Developer & Technical Lead	Prat City LLC	skipped_closed
https://weworkremotely.com/remote-jobs/madeo-web-developer-contract	2026-05-21	We Work Remotely — Drupal	Web Developer (Contract)	Madeo	skipped_closed
https://weworkremotely.com/remote-jobs/bbe-marketing-inc-senior-symfony-developer	2026-05-21	We Work Remotely — Symfony	Senior Symfony Developer	BBE Marketing Inc	skipped_closed
https://startup.jobs/laravel-developer-devsquad-2096377	2026-05-21	startup.jobs — Laravel	Laravel Developer	DevSquad	skipped_geo
https://remotive.com/remote-jobs/software-dev/drupal-architect-team-lead-2043662	2026-05-21	Remotive — Drupal	Drupal Architect / Team Lead	Evolving Web	skipped_geo
https://weworkremotely.com/remote-jobs/onthegosystems-php-developer-latin-america	2026-05-22	We Work Remotely — OnTheGoSystems	PHP Developer (Latin America)	OnTheGoSystems	added
https://weworkremotely.com/remote-jobs/onthegosystems-php-developer-latin-america-german-french-and-spanish-speakers	2026-05-22	We Work Remotely — OnTheGoSystems	PHP Developer (Latin America, Spanish/German/French)	OnTheGoSystems	added
https://startup.jobs/junior-php-laravel-developer-remote-latin-america-bluelight-consulting-7496975	2026-05-22	startup.jobs — Bluelight	Junior PHP Laravel Developer	Bluelight Consulting	skipped_title
https://startup.jobs/junior-laravel-application-developer-gofasti-3739004	2026-05-22	startup.jobs — GoFasti	Junior Laravel Application Developer	GoFasti	skipped_title
https://remotive.com/remote/jobs/software-development/senior-php-symfony-engineer-3784569	2026-05-22	Remotive — Symfony	Senior PHP/Symfony Engineer	Ubiminds	skipped_geo
https://www.remoterocketship.com/company/ubiminds/jobs/senior-php-symfony-engineer-brazil-remote/	2026-05-22	Remote Rocketship — Symfony	Senior PHP/Symfony Engineer	Ubiminds	skipped_geo
https://remotive.com/remote/jobs/software-development/senior-php-web-application-developer-3945169	2026-05-22	Remotive — PHP	Senior PHP Web Application Developer	Zylun Philippines, Inc.	skipped_geo
https://remotive.com/remote/jobs/software-development/senior-php-developer-full-stack-4105632	2026-05-22	Remotive — PHP	Senior PHP Developer - Full Stack	Future Publishing	skipped_geo
https://www.remoterocketship.com/company/codingchiefs/jobs/backend-developer-symfony-philippines-remote/	2026-05-22	Remote Rocketship — Symfony	Backend Developer (Symfony)	CodingChiefs	skipped_geo
https://weworkremotely.com/listings/zapiet-experienced-laravel-developer-apac-region	2026-05-22	We Work Remotely — Laravel	Experienced Laravel Developer (APAC)	Zapiet	skipped_geo
https://remotive.com/remote-jobs/software-dev/senior-php-developer-laravel-1114350	2026-05-22	Remotive — Laravel	Senior PHP Developer (Laravel)	Interaction Design Foundation	skipped_geo
https://weworkremotely.com/remote-jobs/zapiet-experienced-laravel-developer-3	2026-05-22	We Work Remotely — Laravel	Experienced Laravel Developer	Zapiet	skipped_geo_unconfirmed
https://weworkremotely.com/remote-jobs/onthegosystems-full-stack-php-developer-1	2026-05-22	We Work Remotely — OnTheGoSystems	Full-Stack PHP Developer	OnTheGoSystems	skipped_geo_unconfirmed
https://weworkremotely.com/remote-jobs/onthegosystems-php-and-js-developer	2026-05-22	We Work Remotely — OnTheGoSystems	PHP and JS Developer	OnTheGoSystems	skipped_geo_unconfirmed
https://weworkremotely.com/remote-jobs/onthegosystems-php-developer-spanish-french-or-german-speakers	2026-05-22	We Work Remotely — OnTheGoSystems	PHP Developer (Spanish/French/German speakers)	OnTheGoSystems	skipped_geo_unconfirmed
https://weworkremotely.com/remote-jobs/onthegosystems-senior-php-developer-3	2026-05-22	We Work Remotely — OnTheGoSystems	Senior PHP Developer	OnTheGoSystems	skipped_geo_unconfirmed
https://weworkremotely.com/remote-jobs/onthegosystems-php-and-react-developer	2026-05-22	We Work Remotely — OnTheGoSystems	PHP and React Developer	OnTheGoSystems	skipped_geo_unconfirmed
https://remoteok.com/remote-jobs/remote-staff-software-engineer-acquia-1130091	2026-05-22	RemoteOK — Acquia	Staff Software Engineer	Acquia	skipped_geo_unconfirmed
https://weworkremotely.com/listings/awesome-motive-senior-laravel-developer	2026-05-25	We Work Remotely — Laravel	Senior Laravel Developer	Awesome Motive	added
https://startup.jobs/tech-lead-php-laravel-devsu-3426942	2026-05-25	startup.jobs — Devsu	Tech Lead (PHP/Laravel)	Devsu	added
https://weworkremotely.com/remote-jobs/the-remote-company-laravel-and-vue-js-developer-1	2026-05-25	We Work Remotely — Laravel	Laravel and Vue.js Developer	The Remote Company	skipped_geo
https://weworkremotely.com/remote-jobs/silverorange-php-focused-web-developer-4	2026-05-25	We Work Remotely — PHP	PHP-focused Web Developer	silverorange	skipped_geo
https://remotive.com/remote/jobs/software-development/senior-php-developer-3347049	2026-05-25	Remotive — PHP	Senior PHP Developer	Overwolf	skipped_geo
https://remotive.com/remote/jobs/software-development/senior-software-engineer-full-stack-php-laravel-4206114	2026-05-25	Remotive — PHP/Laravel	Senior Software Engineer - Full Stack (PHP/Laravel)	metabook	skipped_geo
https://remotive.com/remote/jobs/software-development/php-developer-3616159	2026-05-25	Remotive — PHP	PHP Developer	MWDN	skipped_geo
https://remotive.com/remote/jobs/software-development/senior-php-developer-3844180	2026-05-25	Remotive — PHP	Senior PHP Developer	IESF AG	skipped_geo
https://remotive.com/remote/jobs/software-development/tech-lead-php-4238395	2026-05-25	Remotive — PHP	Tech Lead - PHP	Future Publishing	skipped_geo
https://remotive.com/remote/jobs/software-development/senior-php-developer-4167078	2026-05-25	Remotive — PHP	Senior PHP Developer	ClearCourse	skipped_geo
https://remotive.com/remote/jobs/software-development/php-web-application-developer-3755440	2026-05-25	Remotive — PHP	PHP Web Application Developer	Entertainment Benefits Group	skipped_geo
https://remotive.com/remote/jobs/software-development/php-developer-4101190	2026-05-25	Remotive — PHP	PHP Developer	The Rank Group	skipped_geo
https://weworkremotely.com/remote-jobs/jobs-for-lebanon-full-stack-web-developer-php-react	2026-05-25	We Work Remotely — PHP	Full Stack Web Developer (PHP/React)	Jobs for Lebanon	skipped_geo
https://remotive.com/remote/jobs/software-development/php-programmer-3777875	2026-05-25	Remotive — PHP	PHP Programmer (Laravel)	ReWorks Solutions	skipped_geo_unconfirmed
https://remotive.com/remote/jobs/software-development/php-developer-4466388	2026-05-25	Remotive — PHP	PHP Developer	Base.com Brazil	skipped_geo_unconfirmed
https://www.remoterocketship.com/company/base/jobs/developer-php-brazil-remote/	2026-05-25	Remote Rocketship — PHP	Developer, PHP	Base.com	skipped_geo_unconfirmed
https://weworkremotely.com/remote-jobs/empowerdb-php-mysql-web-developers-mid-level-entry-level	2026-05-25	We Work Remotely — PHP	PHP/MySQL Web Developers (Mid-Level & Entry-Level)	EmpowerDB	skipped_title
https://remotive.com/remote/jobs/software-development/php-laravel-developer-3453020	2026-05-25	Remotive — Laravel	PHP/Laravel Developer	Multiplica Talent	skipped_title
https://weworkremotely.com/remote-jobs/onthegosystems-php-developer-french-or-german-speakers	2026-05-25	We Work Remotely — PHP	PHP Developer (French or German speakers)	OnTheGoSystems	skipped_title
https://weworkremotely.com/remote-jobs/awesome-motive-senior-laravel-developer	2026-05-26	We Work Remotely — Laravel	Senior Laravel Developer	Awesome Motive	skipped_duplicate
https://weworkremotely.com/remote-jobs/neris-analytics-limited-experienced-backend-developer-laravel-vue	2026-05-26	We Work Remotely — Laravel	Experienced Backend Developer (Laravel/Vue)	NERIS Analytics Limited	added
https://weworkremotely.com/remote-jobs/the-remote-company-sr-laravel-and-vue-js-developer	2026-05-26	We Work Remotely — Laravel	SR Laravel and Vue.js Developer	The Remote Company	added
https://weworkremotely.com/remote-jobs/film-and-music-php-laravel-engineer	2026-05-26	We Work Remotely — Laravel	PHP/Laravel Engineer	Film and Music	added
https://remotive.com/remote/jobs/software-development/full-stack-php-symfony-developer-4500579	2026-05-26	Remotive — Symfony	Full-Stack PHP Symfony Developer	Link Juice Club Ltd	skipped_geo
https://www.workingnomads.com/jobs/remote-php-fullstack-developer-gitesoft	2026-05-26	Working Nomads — PHP	Remote PHP Fullstack Developer	GiteSoft	skipped_geo
https://startup.jobs/php-laravel-full-stack-software-engineer-remote-colombia-fullstack-labs-4347865	2026-05-26	startup.jobs — FullStack Labs	PHP/Laravel Full Stack Software Engineer	FullStack Labs	skipped_geo_unconfirmed
https://jobs.lever.co/blanc-labs/032dc160-1ddd-4b2d-9ff0-d59fcfd9bcd8	2026-05-26	Brave — Laravel LATAM	Fullstack PHP Laravel Developer (Latam)	Blanc Labs	skipped_closed
https://weworkremotely.com/remote-jobs/learning-tapestry-senior-php-developer	2026-05-27	We Work Remotely — PHP	Senior PHP Developer	Learning Tapestry	added
https://startup.jobs/senior-full-stack-developer-drupal-launchpad-technologies-5966808	2026-05-27	startup.jobs — Drupal	Senior Full-Stack Developer (Drupal)	Launchpad Technologies	added
https://weworkremotely.com/remote-jobs/ecochain-technologies-php-developer-b2b-saas-scale-up-sustainability	2026-05-27	We Work Remotely — PHP	PHP Developer (B2B SaaS)	Ecochain Technologies	skipped_geo
https://weworkremotely.com/remote-jobs/ebg-php-web-application-developer-api	2026-05-27	We Work Remotely — PHP	PHP Web Application Developer (API)	EBG	skipped_geo
https://startup.jobs/laravel-developer-remote-plentific-4756538	2026-05-27	startup.jobs — Laravel	Laravel Developer	Plentific	skipped_geo
https://www.workingnomads.com/jobs/senior-back-end-symfony-developer-remote-work-cobbleweb	2026-05-27	Working Nomads — Symfony	Senior Back-End Symfony Developer	CobbleWeb	skipped_geo
https://weworkremotely.com/remote-jobs/xm-senior-laravel-backend-developer-cyprus-greece-or-remote	2026-05-27	We Work Remotely — Laravel	Senior Laravel Backend Developer	XM	skipped_closed
https://remotive.com/remote-jobs/software-dev/laravel-react-fullstack-developer-1259586	2026-05-27	Remotive — Laravel	Laravel / React Fullstack Developer	What	skipped_closed
https://remotive.com/remote-jobs/software-dev/senior-drupal-developer-1255727	2026-05-27	Remotive — Drupal	Senior Drupal Developer	Toptal	skipped_closed
https://www.workingnomads.com/jobs/senior-full-stack-developer-lemonio-1502763	2026-05-27	Working Nomads — PHP	Senior Full-Stack Developer	Lemon.io	skipped_duplicate
https://builtin.com/job/senior-full-stack-developer-drupal/3520008	2026-05-27	Built In — Launchpad	Senior Full-Stack Developer (Drupal)	Launchpad Technologies	skipped_duplicate
https://weworkremotely.com/remote-jobs/toptal-freelance-drupal-developer-remote-full-time	2026-05-28	We Work Remotely — Drupal	Freelance Drupal Developer	Toptal	added
https://remotive.com/remote/jobs/software-development/senior-laravel-ai-engineer-4168776	2026-05-28	Remotive — Laravel	Senior Laravel & AI Engineer	MYTY	added
https://remotive.com/remote/jobs/software-development/principal-developer-php-laravel-4468422	2026-05-28	Remotive — PHP/Laravel	Principal Developer (PHP/Laravel)	PerchPeek	added
https://remotive.com/remote/jobs/software-development/senior-php-developer-4163496	2026-05-28	Remotive — PHP	Senior PHP Developer	Damia Group	added
https://weworkremotely.com/remote-jobs/pri-drupal-developer-2	2026-05-28	We Work Remotely — Drupal	Drupal Developer	PRI	skipped_geo
https://weworkremotely.com/remote-jobs/facing-history-ourselves-associate-director-engineering-drupal-lead	2026-05-28	We Work Remotely — Drupal	Associate Director Engineering - Drupal Lead	Facing History & Ourselves	skipped_geo
https://weworkremotely.com/remote-jobs/constructive-full-stack-developer-drupal-wordpress-for-social-impact-design-agency-remote-north-american	2026-05-28	We Work Remotely — Drupal	Full Stack Developer (Drupal & WordPress)	Constructive	skipped_geo
https://weworkremotely.com/remote-jobs/urban-insight-sysadmin-with-drupal-experience-part-time	2026-05-28	We Work Remotely — Drupal	SysAdmin with Drupal Experience (Part Time)	Urban Insight	skipped_title
https://weworkremotely.com/remote-jobs/ebq-web-developer	2026-05-28	We Work Remotely	Web Developer	EBQ	skipped_title
https://jobs.drupal.org/informatics-studio/job/18305	2026-05-28	Drupal Jobs Board	Entry Level Backend / Drupal Developer	Informatics Studio	skipped_title
https://remotive.com/remote/jobs/software-development/php-developer-2756223	2026-05-28	Remotive — PHP	PHP Developer	FeverUp	skipped_geo
https://remotive.com/remote/jobs/software-development/php-developer-mid-4667030	2026-05-28	Remotive — PHP	PHP Developer Mid	Acentra Health	skipped_geo
https://remotive.com/remote/jobs/software-development/backend-developer-php-3774252	2026-05-28	Remotive — PHP	Backend Developer (PHP)	DOT Group	skipped_geo
https://remotive.com/remote/jobs/software-development/lead-drupal-developer-3902376	2026-05-28	Remotive — Drupal	Lead Drupal Developer	RIVA Solutions Inc.	skipped_geo
https://remotive.com/remote/jobs/software-development/support-developer-4401763	2026-05-28	Remotive — Drupal	Support Developer	Lullabot	skipped_geo
https://remotive.com/remote/jobs/software-development/web-developer-4363582	2026-05-28	Remotive	Web Developer	Box	skipped_title
https://larajobs.com/job/483	2026-05-28	LaraJobs	Backend PHP Developer (EU/UK)	Unknown	skipped_geo
https://larajobs.com/job/988	2026-05-29	LaraJobs	Full Stack Laravel PHP Developer	Unknown	added
https://www.remoterocketship.com/company/sogexia/jobs/senior-backend-developer-worldwide-remote/	2026-05-29	Remote Rocketship — Symfony	Senior Backend Developer (PHP/Symfony)	Sogexia	added
https://startup.jobs/back-end-laravel-php-developer-launchpad-technologies-4087886	2026-05-29	startup.jobs — Launchpad	Back end Laravel PHP Developer	Launchpad Technologies	added
https://remotive.com/remote/jobs/software-development/senior-back-end-developer-4389143	2026-05-29	Remotive — PHP	Senior Back-End Developer	MAISMEI	skipped_geo_unconfirmed
https://remotive.com/remote/jobs/software-development/backend-php-developer-3876659	2026-05-29	Remotive — PHP	Backend PHP Developer	SOLARYS Software GmbH	skipped_geo_unconfirmed
https://remotive.com/remote/jobs/software-development/backend-developer-4333388	2026-05-29	Remotive — PHP	Backend Developer	Zallpy Digital	skipped_geo_unconfirmed
https://remotive.com/remote/jobs/software-development/senior-backend-developer-php-java-kotlin-4417939	2026-05-29	Remotive — PHP	Senior Backend Developer (PHP + Java/Kotlin)	Sympla	skipped_geo_unconfirmed
https://startup.jobs/desarrollador-fullstack-php-nodejs-multiplica-talent-6011507	2026-05-29	startup.jobs	Desarrollador Fullstack (PHP - NodeJS)	Multiplica Talent	skipped_geo_unconfirmed
https://remoteok.com/remote-jobs/remote-full-stack-developer-bisnow-1128563	2026-05-29	RemoteOK	Full Stack Developer	Bisnow	skipped_geo_unconfirmed
https://remotive.com/remote/jobs/software-development/senior-backend-developer-3788103	2026-05-29	Remotive — PHP	Senior Backend Developer	SnappyCX	skipped_geo_unconfirmed
https://startup.jobs/lead-technique-php-drupal-nurun-241756	2026-05-29	startup.jobs	Lead technique PHP/Drupal	nurun	skipped_closed
https://startup.jobs/full-stack-developer-remote-bisnow-3513371	2026-05-29	startup.jobs	Full Stack Developer	Bisnow	skipped_duplicate
https://jobs.lever.co/bisnow/00be65eb-0f82-4d7e-a8c3-88c38ffd6c7e	2026-05-29	Lever	Laravel Full Stack Developer	Bisnow	skipped_duplicate
https://remotive.com/remote/jobs/software-development/senior-backend-developer-3485764	2026-05-29	Remotive — Symfony	Senior Backend Developer	Sogexia	skipped_duplicate
https://remotive.com/remote/jobs/software-development/backend-developer-4444625	2026-06-01	Remotive — Backend/Laravel	Backend Developer (Laravel PHP/Python)	Ideaware	added
https://remotive.com/remote/jobs/software-development/drupal-software-engineer-4265955	2026-06-01	Remotive — Drupal	Drupal Software Engineer	Viderity Inc.	skipped_geo
https://remotive.com/remote/jobs/software-development/senior-drupal-developer-3887086	2026-06-01	Remotive — Drupal	Senior Drupal Developer	Accenture Federal Services	skipped_geo
https://jobs.drupal.org/stand-8/job/17731	2026-06-01	Drupal Jobs Board	Drupal Developer	Stand 8	skipped_geo
https://jobs.drupal.org/stand-creative-studio/job/16930	2026-06-01	Drupal Jobs Board	Drupal Developer (Europe, Remote+Contract)	Stand Creative Studio	skipped_geo
https://jobs.drupal.org/teaching-channel/job/17478	2026-06-01	Drupal Jobs Board	Software Developer - 100% Remote	Teaching Channel (Learners Edge)	skipped_geo_unconfirmed
https://weworkremotely.com/remote-jobs/mettle-laravel-engineer-remote	2026-06-01	We Work Remotely — Laravel	Laravel Engineer	Mettle	skipped_geo_unconfirmed
https://remotive.com/remote/jobs/software-development/full-stack-developer-php-laravel-angular-3785240	2026-06-01	Remotive — PHP/Laravel	Full Stack Developer (PHP/Laravel + Angular)	IEBT Innovation	skipped_geo_unconfirmed
https://www.remoterocketship.com/company/iebtinovacao-com-br/jobs/mid-level-full-stack-developer-php-laravel-angular-worldwide-remote/	2026-06-01	Remote Rocketship — PHP/Laravel	Mid-level Full Stack Developer (PHP/Laravel + Angular)	IEBT Innovation	skipped_geo_unconfirmed
